"","coefficients","values"
"1","s_T0",8.38686508491458
"2","s_Tm",38.5139448177677
"3","s_c",-0.136136649724287
